"id_formulaColor","id_formula","id_color","quantite","id_unit","state","encrypted"
350435,87761,10,"1",2,"I",0
351580,201810,1088360,"687.153359477124",2,"I",0
351581,201810,1088348,"73.1187712418301",2,"I",0
351582,201810,1088358,"76.9242091503268",2,"I",0
351583,201810,1088377,"202.503660130719",2,"I",0
481142,122411,10,"127.741049411618",2,"I",0
481143,122411,115,"64.5963261229204",2,"I",0
481144,122411,62,"107.708930299341",2,"I",0
481145,122411,25,"630.053694166121",2,"I",0
481146,11093,6895,"49.15",2,"I",0
481147,11093,6896,"81.95",2,"I",0
481148,11093,223275,"799",2,"I",0
481149,201767,1088362,"908.022773946082",2,"I",0
481150,201767,1088378,"28.1228382873001",2,"I",0
481151,201767,1088368,"67.6539977666182",2,"I",0
481200,122412,10,"94.2196811793336",2,"I",0
481201,122412,337,"1.18583122765752",2,"I",0
481202,122412,25,"5.36858137612221",2,"I",0
481203,122412,27,"14.0359296219099",2,"I",0
481204,122412,115,"22.3151876477369",2,"I",0
481205,122412,28,"273.215514852292",2,"I",0
481206,122412,338,"399.042988390642",2,"I",0
481207,122412,117,"16.6555386066442",2,"I",0
481208,122412,1167,"99.7607470976605",2,"I",0
481234,122413,10,"88.9987208447867",2,"I",0
481235,122413,24,"7.68625316386794",2,"I",0
481236,122413,25,"4.42970906022916",2,"I",0
481237,122413,28,"19.4179027297716",2,"I",0
481238,122413,116,"88.5941812045831",2,"I",0
481239,122413,455,"72.2861769588765",2,"I",0
481240,122413,62,"183.559861742373",2,"I",0
481241,122413,23,"207.528835424434",2,"I",0
481242,122413,115,"238.779522630161",2,"I",0
481243,122413,1167,"17.7188362409166",2,"I",0
481452,122414,10,"89.1618872838563",2,"I",0
481453,122414,24,"106.699766479667",2,"I",0
481454,122414,28,"50.6130804353918",2,"I",0
481455,122414,455,"62.5301048918389",2,"I",0
481456,122414,116,"97.184426116914",2,"I",0
481457,122414,26,"88.8369236855552",2,"I",0
481458,122414,25,"61.4181200789022",2,"I",0
481459,122414,386,"139.125040522646",2,"I",0
481460,122414,115,"209.093765281845",2,"I",0
481461,122414,1167,"19.4368852233828",2,"I",0
481462,122415,10,"95.6780572419776",2,"I",0
481463,122415,15,"25.5503902862099",2,"I",0
481464,122415,116,"40.7718993928882",2,"I",0
481465,122415,6899,"55.2323330442325",2,"I",0
481466,122415,28,"48.8827892454467",2,"I",0
481467,122415,62,"79.1518473547269",2,"I",0
481468,122415,24,"191.290879444926",2,"I",0
481469,122415,25,"110.24721595837",2,"I",0
481470,122415,455,"285.240208152645",2,"I",0
481471,122415,1167,"8.15437987857763",2,"I",0
481550,122417,10,"60.8897135917571",2,"I",0
481551,122417,24,"39.1344708198501",2,"I",0
481552,122417,116,"36.7557496624501",2,"I",0
481553,122417,25,"22.5943834717476",2,"I",0
481554,122417,115,"143.000671328249",2,"I",0
481555,122417,1174,"609.673861193456",2,"I",0
481556,122417,1167,"7.35114993249003",2,"I",0
481664,51720,10,"90.5700160462856",2,"I",0
481665,51720,116,"44.7170090627613",2,"I",0
481666,51720,28,"78.4045110402965",2,"I",0
481667,51720,115,"147.060094469682",2,"I",0
481668,51720,23,"154.80553483852",2,"I",0
481669,51720,342,"173.250010170181",2,"I",0
481670,51720,6899,"216.149422559722",2,"I",0
481671,51720,1167,"8.94340181255226",2,"I",0
481978,51722,10,"89.0816982836495",2,"I",0
481979,51722,92,"8.71648780487805",2,"I",0
481980,51722,41,"13.3773875338753",2,"I",0
481981,51722,15,"52.5612285456188",2,"I",0
481982,51722,6899,"145.173911472448",2,"I",0
481983,51722,312,"807.88928635953",2,"I",0
481984,201770,1088366,"942.967739028414",2,"I",0
481985,201770,1088364,"10.4292611182401",2,"I",0
481986,201770,1088361,"14.3571646562786",2,"I",0
481987,201770,1088367,"33.0485676993584",2,"I",0
481988,201770,1088377,"33.5903474977085",2,"I",0
481989,11094,6897,"10.64",2,"I",0
481990,11094,6898,"1.47",2,"I",0
481991,11094,6894,"57.74",2,"I",0
481992,11094,6900,"159.48",2,"I",0
481993,11094,6914,"887.48",2,"I",0
481994,201766,1088370,"550.7871979027",2,"I",0
481995,201766,1088377,"48.5828152758576",2,"I",0
481996,201766,1088373,"204.975810517804",2,"I",0
481997,201766,1088375,"241.958796303639",2,"I",0
481998,51724,10,"65.226068409827",2,"I",0
481999,51724,15,"31.4162256102378",2,"I",0
482000,51724,459,"379.23872343787",2,"I",0
482001,51724,293,"127.908918555968",2,"I",0
482002,51724,463,"343.110063986097",2,"I",0
482003,11096,6894,"46.26",2,"I",0
482004,11096,6928,"186.14",2,"I",0
482005,11096,6924,"209.27",2,"I",0
482006,11096,6916,"505.23",2,"I",0
482018,51725,10,"69.5602556093937",2,"I",0
482019,51725,41,"13.4817814995526",2,"I",0
482020,51725,15,"40.1584980837737",2,"I",0
482021,51725,459,"328.678183721362",2,"I",0
482022,51725,293,"164.936688558356",2,"I",0
482023,51725,463,"327.084592527562",2,"I",0
482024,11097,6898,"1.92",2,"I",0
482025,11097,6894,"57.31",2,"I",0
482026,11097,6928,"156.35",2,"I",0
482027,11097,6924,"261.53",2,"I",0
482028,11097,6916,"466.78",2,"I",0
482029,201796,1088370,"490.571875",2,"I",0
482030,201796,1088361,"15.6215625",2,"I",0
482031,201796,1088377,"94.96265625",2,"I",0
482032,201796,1088373,"176.90734375",2,"I",0
482033,201796,1088375,"274.3365625",2,"I",0
483213,122422,10,"88.9814981138854",2,"I",0
483214,122422,24,"7.6847657461992",2,"I",0
483215,122422,25,"4.42885183794111",2,"I",0
483216,122422,28,"19.4141450430295",2,"I",0
483217,122422,116,"89.4870748077144",2,"I",0
483218,122422,455,"72.2721883828404",2,"I",0
483219,122422,62,"181.502033084573",2,"I",0
483220,122422,23,"209.308751245162",2,"I",0
483221,122422,115,"237.823276777112",2,"I",0
483222,122422,1167,"17.8974149615429",2,"I",0
483276,122423,10,"73.1637152150343",2,"I",0
483277,122423,369,"1.27205095771594",2,"I",0
483278,122423,24,"5.84478315865558",2,"I",0
483279,122423,25,"3.24248283339357",2,"I",0
483280,122423,115,"25.3578785688471",2,"I",0
483281,122423,116,"578.409053126129",2,"I",0
483282,122423,117,"117.228225514998",2,"I",0
483283,122423,1167,"115.681810625226",2,"I",0
483610,122424,10,"72.6710680410159",2,"I",0
483611,122424,15,"29.5821793507899",2,"I",0
483612,122424,387,"70.3260381372979",2,"I",0
483613,122424,25,"151.739178787581",2,"I",0
483614,122424,1174,"602.581535683315",2,"I",0
483615,11099,6894,"39.43",2,"I",0
483616,11099,6906,"104.15",2,"I",0
483617,11099,223275,"337.09",2,"I",0
483618,11099,6908,"446.22",2,"I",0
483619,201771,1088362,"343.391413659181",2,"I",0
483620,201771,1088359,"158.743806314399",2,"I",0
483621,201771,1088358,"240.706089574637",2,"I",0
483622,201771,1088378,"262.757530451783",2,"I",0
483780,122425,10,"84.4724802655046",2,"I",0
483781,122425,92,"5.7948698066097",2,"I",0
483782,122425,455,"15.7845334284518",2,"I",0
483783,122425,15,"28.8301980428343",2,"I",0
483784,122425,25,"19.3738930847847",2,"I",0
483785,122425,27,"24.015554969681",2,"I",0
483786,122425,62,"64.6757442760917",2,"I",0
483787,122425,28,"138.000547965034",2,"I",0
483788,122425,116,"414.962650496529",2,"I",0
483789,122425,117,"50.5969975651742",2,"I",0
483790,122425,1167,"82.9925300993058",2,"I",0
484233,51736,10,"87.6727501642216",2,"I",0
484234,51736,15,"21.792653820889",2,"I",0
484235,51736,24,"47.5120024085833",2,"I",0
484236,51736,780,"43.1835997372455",2,"I",0
484237,51736,387,"88.8477457849792",2,"I",0
484238,51736,116,"133.266597328662",2,"I",0
484239,51736,342,"448.486790015327",2,"I",0
484240,51736,117,"19.8845412743595",2,"I",0
484241,51736,1167,"26.6533194657324",2,"I",0
484271,11100,223275,"40.22",2,"I",0
484272,11100,6927,"50.5",2,"I",0
484273,11100,6895,"246.2",2,"I",0
484274,11100,6910,"586.88",2,"I",0
484275,122429,10,"89.2059742202279",2,"I",0
484276,122429,25,"22.1897320839382",2,"I",0
484277,122429,1163,"46.431811182966",2,"I",0
484278,122429,115,"226.367779684132",2,"I",0
484279,122429,386,"539.604702828736",2,"I",0
484280,201772,1088356,"822.50309903732",2,"I",0
484281,201772,1088362,"61.7177897929579",2,"I",0
484282,201772,1088378,"128.779111169722",2,"I",0
484317,11101,6897,"31.25",2,"I",0
484318,11101,6894,"120.29",2,"I",0
484319,11101,6900,"427.41",2,"I",0
484320,11101,6914,"460.95",2,"I",0
484321,201764,1088366,"822.125486681433",2,"I",0
484322,201764,1088371,"7.3905071218241",2,"I",0
484323,201764,1088361,"20.8029089355049",2,"I",0
484324,201764,1088377,"98.5400949576547",2,"I",0
484325,201764,1088367,"101.551042303583",2,"I",0
484326,51738,10,"88.3429665200957",2,"I",0
484327,51738,92,"25.810987040037",2,"I",0
484328,51738,15,"110.403639203888",2,"I",0
484329,51738,6899,"392.278870631798",2,"I",0
484330,51738,312,"423.063536604181",2,"I",0
484357,122431,10,"91.9416563220428",2,"I",0
484358,122431,15,"22.9330555062954",2,"I",0
484359,122431,312,"68.9038836673168",2,"I",0
484360,122431,25,"66.8514275580779",2,"I",0
484361,122431,386,"694.169976946267",2,"I",0
484362,11103,6894,"24.14",2,"I",0
484363,11103,6914,"72.54",2,"I",0
484364,11103,223275,"117.3",2,"I",0
484365,11103,6910,"730.81",2,"I",0
484366,201774,1088356,"543.909686346864",2,"I",0
484367,201774,1088367,"8.68865313653136",2,"I",0
484368,201774,1088378,"139.553136531365",2,"I",0
484369,201774,1088362,"153.989667896679",2,"I",0
484370,201774,1088366,"168.158856088561",2,"I",0
484399,122432,10,"86.191660787881",2,"I",0
484400,122432,15,"16.1363383210188",2,"I",0
484401,122432,780,"29.9112612779861",2,"I",0
484402,122432,28,"40.6163442616864",2,"I",0
484403,122432,62,"61.8887609995173",2,"I",0
484404,122432,24,"268.07967920395",2,"I",0
484405,122432,369,"174.543032710801",2,"I",0
484406,122432,25,"154.495600193072",2,"I",0
484407,122432,117,"95.6373222440871",2,"I",0
484418,51742,10,"82.0384017883236",2,"I",0
484419,51742,465,"50.9462221151233",2,"I",0
484420,51742,115,"88.1257261219321",2,"I",0
484421,51742,369,"89.8723199499597",2,"I",0
484422,51742,1163,"193.951518383126",2,"I",0
484423,51742,116,"311.390052449973",2,"I",0
484424,51742,117,"34.6977487015684",2,"I",0
484425,51742,1167,"62.2780104899945",2,"I",0
484616,122433,10,"109.133811536081",2,"I",0
484617,122433,15,"29.8774123220198",2,"I",0
484618,122433,780,"33.6277151239469",2,"I",0
484619,122433,1163,"118.009528167308",2,"I",0
484620,122433,386,"289.773396495572",2,"I",0
484621,122433,25,"348.478136355072",2,"I",0
484738,122434,10,"101.0062066263",2,"I",0
484739,122434,25,"2.28562616137228",2,"I",0
484740,122434,24,"50.4453854807923",2,"I",0
484741,122434,115,"60.4882883110645",2,"I",0
484742,122434,28,"679.408148251147",2,"I",0
484743,122434,117,"19.5663451693233",2,"I",0
494975,51745,4896,"924",2,"I",0
494976,11104,6930,"924",2,"I",0
495004,201776,1088373,"857.079006535948",2,"I",0
495005,201776,1088361,"7.75945098039216",2,"I",0
495006,201776,1088370,"53.2271111111111",2,"I",0
495007,201776,1088377,"57.1749019607843",2,"I",0
495008,201776,1088376,"66.1595294117647",2,"I",0
495009,11105,6923,"40.38",2,"I",0
495010,11105,6894,"55.23",2,"I",0
495011,11105,6928,"855.39",2,"I",0
495012,51746,10,"32.6248737298711",2,"I",0
495013,51746,341,"20.7390219264365",2,"I",0
495014,51746,15,"18.9118783053063",2,"I",0
495015,51746,459,"878.724226038386",2,"I",0
495057,122435,10,"84.4007799140844",2,"I",0
495058,122435,24,"61.2555261292072",2,"I",0
495059,122435,25,"35.3386161738333",2,"I",0
495060,122435,1163,"65.0569295574926",2,"I",0
495061,122435,116,"81.6098761312924",2,"I",0
495062,122435,115,"123.665908996121",2,"I",0
495063,122435,386,"416.518330066314",2,"I",0
495064,122435,117,"38.8320578053968",2,"I",0
495065,122435,1167,"16.3219752262585",2,"I",0
495066,51748,10,"89.0866300348036",2,"I",0
495067,51748,92,"15.5623522841728",2,"I",0
495068,51748,41,"14.439921417673",2,"I",0
495069,51748,15,"89.0866300348036",2,"I",0
495070,51748,312,"336.628140052056",2,"I",0
495071,51748,6899,"469.196326176491",2,"I",0
495072,11106,6897,"19.19",2,"I",0
495073,11106,6898,"1.6",2,"I",0
495074,11106,6894,"98.87",2,"I",0
495075,11106,6914,"373.6",2,"I",0
495076,11106,6900,"520.73",2,"I",0
495116,122437,10,"88.5551730877818",2,"I",0
495117,122437,24,"12.6622790253225",2,"I",0
495118,122437,25,"7.2702080528168",2,"I",0
495119,122437,28,"12.6016939582157",2,"I",0
495120,122437,115,"124.906213351866",2,"I",0
495121,122437,789,"127.531566259827",2,"I",0
495122,122437,337,"160.722085523173",2,"I",0
495123,122437,342,"345.516637710116",2,"I",0
495124,122437,117,"50.1341430308822",2,"I",0
495451,122438,10,"89.8475612114221",2,"I",0
495452,122438,25,"6.40741465096313",2,"I",0
495453,122438,338,"18.8115122444943",2,"I",0
495454,122438,1165,"31.7485342296681",2,"I",0
495455,122438,115,"76.7041465427798",2,"I",0
495456,122438,340,"104.531219786546",2,"I",0
495457,122438,1163,"157.720976023708",2,"I",0
495458,122438,465,"177.949512662165",2,"I",0
495459,122438,413,"184.172098044351",2,"I",0
495460,122438,117,"76.7041465427798",2,"I",0
495461,122438,1167,"4.70287806112358",2,"I",0
495462,122439,10,"99.9733929460934",2,"I",0
495463,122439,25,"6.10821416855994",2,"I",0
495464,122439,880,"14.4126401730066",2,"I",0
495465,122439,3639,"47.0126596119502",2,"I",0
495466,122439,1163,"28.8252803460132",2,"I",0
495467,122439,340,"47.4702037444264",2,"I",0
495468,122439,1167,"209.555212674191",2,"I",0
495469,122439,11,"488.142396335759",2,"I",0
495470,122441,10,"95.8020079939095",2,"I",0
495471,122441,116,"28.6858583936049",2,"I",0
495472,122441,387,"45.0324181575943",2,"I",0
495473,122441,1165,"53.0469404263419",2,"I",0
495474,122441,340,"186.567567567568",2,"I",0
495475,122441,25,"118.049971450324",2,"I",0
495476,122441,465,"387.478064331938",2,"I",0
495477,122441,1167,"5.73717167872098",2,"I",0
495478,51755,10,"82.6659547962271",2,"I",0
495479,51755,387,"1.70055678437953",2,"I",0
495480,51755,369,"11.6440902041543",2,"I",0
495481,51755,24,"154.193262654768",2,"I",0
495482,51755,880,"95.8925075636234",2,"I",0
495483,51755,28,"115.108799227112",2,"I",0
495484,51755,338,"351.90188391427",2,"I",0
495485,51755,117,"27.9174738768973",2,"I",0
495486,51755,1167,"87.9754709785676",2,"I",0
495497,122443,10,"84.2096013590698",2,"I",0
495498,122443,115,"12.7998594065786",2,"I",0
495499,122443,1385,"48.9378083326708",2,"I",0
495500,122443,24,"144.638411294338",2,"I",0
495501,122443,413,"83.0739747350275",2,"I",0
495502,122443,25,"80.7257298514149",2,"I",0
495503,122443,465,"156.293020122433",2,"I",0
495504,122443,1163,"240.406381937092",2,"I",0
495505,122443,117,"66.8383635929987",2,"I",0
495506,122443,1165,"2.07684936837569",2,"I",0
495507,11107,6898,"1.45",2,"I",0
495508,11107,6914,"108.98",2,"I",0
495509,11107,6925,"72.73",2,"I",0
495510,11107,6894,"188.92",2,"I",0
495511,11107,6900,"589.62",2,"I",0
495512,201808,1088366,"666.588173225806",2,"I",0
495513,201808,1088371,"3.92936186322581",2,"I",0
495514,201808,1088367,"144.544382825806",2,"I",0
495515,201808,1088377,"272.529312085161",2,"I",0
495516,51758,10,"88.1849256142854",2,"I",0
495517,51758,41,"12.9553140147303",2,"I",0
495518,51758,312,"97.6693455316113",2,"I",0
495519,51758,305,"65.1801624105588",2,"I",0
495520,51758,15,"169.30698533269",2,"I",0
495521,51758,6899,"528.403267096124",2,"I",0
495522,51760,10,"88.8860026307936",2,"I",0
495523,51760,465,"9.34572827660915",2,"I",0
495524,51760,369,"22.1046790542408",2,"I",0
495525,51760,1163,"28.1387688328341",2,"I",0
495526,51760,24,"81.0640343992837",2,"I",0
495527,51760,115,"79.1339383421579",2,"I",0
495528,51760,28,"235.837421380172",2,"I",0
495529,51760,338,"275.820884963578",2,"I",0
495530,51760,117,"29.7133208794367",2,"I",0
495531,51760,1167,"68.9552212408945",2,"I",0
495532,122444,10,"94.0552873811456",2,"I",0
495533,122444,387,"19.0049859038191",2,"I",0
495534,122444,24,"139.197515803482",2,"I",0
495535,122444,116,"76.6017288980464",2,"I",0
495536,122444,369,"70.7892629711131",2,"I",0
495537,122444,32,"85.5439841702516",2,"I",0
495538,122444,25,"87.9142205074621",2,"I",0
495539,122444,413,"133.164186945127",2,"I",0
495540,122444,28,"197.979376966315",2,"I",0
495541,122444,1165,"3.32910467362818",2,"I",0
495542,122444,1167,"15.3203457796093",2,"I",0
495543,51762,10,"87.0333002097825",2,"I",0
495544,51762,451,"18.9202826543005",2,"I",0
495545,51762,340,"795.946417135917",2,"I",0
495594,150591,10,"81.1791416869472",2,"I",0
495595,150591,25,"12.8031103460557",2,"I",0
495596,150591,387,"19.2046655190835",2,"I",0
495597,150591,1174,"50.7671158069686",2,"I",0
495598,150591,1647,"32.1005520270671",2,"I",0
495599,150591,115,"66.056627292693",2,"I",0
495600,150591,3386,"94.2605805187867",2,"I",0
495601,150591,340,"97.1366415385524",2,"I",0
495602,150591,338,"253.390253457589",2,"I",0
495603,150591,117,"167.553748441858",2,"I",0
495604,150591,1167,"63.3475633643971",2,"I",0
495605,51764,10,"87.1655540499433",2,"I",0
495606,51764,451,"12.0924753187135",2,"I",0
495607,51764,340,"802.341970631343",2,"I",0
495608,51766,10,"87.3",2,"I",0
495609,51766,312,"110.5",2,"I",0
495610,51766,15,"172.9",2,"I",0
495611,51766,340,"236.7",2,"I",0
495612,51766,6899,"367.8",2,"I",0
495613,51767,10,"87.2572172227606",2,"I",0
495614,51767,451,"7.36295168212654",2,"I",0
495615,51767,340,"806.779831095113",2,"I",0
495616,143170,10,"87.2442533965719",2,"I",0
495617,143170,386,"0.997077181675107",2,"I",0
495618,143170,25,"1.79473892701519",2,"I",0
960059,122418,10,"89.5850970420913",2,"I",0
960060,122418,25,"32.0427241297309",2,"I",0
960061,122418,15,"992.672178828177",2,"I",0
960098,122419,10,"88.2038125779442",2,"I",0
960099,122419,25,"3.90903260288616",2,"I",0
960100,122419,15,"1033.08715481917",2,"I",0
960101,145471,10,"88.2038125779442",2,"I",0
960102,145471,25,"3.90903260288616",2,"I",0
960103,145471,15,"1033.08715481917",2,"I",0
960104,122420,10,"88.2038125779442",2,"I",0
960105,122420,25,"3.90903260288616",2,"I",0
960106,122420,15,"1033.08715481917",2,"I",0
960107,145472,10,"88.2038125779442",2,"I",0
960108,145472,25,"3.90903260288616",2,"I",0
960109,145472,15,"1033.08715481917",2,"I",0
960252,122430,10,"88.3236622685641",2,"I",0
960253,122430,25,"6.20272991840596",2,"I",0
960254,122430,15,"1029.77360781303",2,"I",0
960255,145473,10,"88.3236622685641",2,"I",0
960256,145473,25,"6.20272991840596",2,"I",0
960257,145473,15,"1029.77360781303",2,"I",0
960744,122440,10,"88.2935091133052",2,"I",0
960745,122440,25,"15.3782066158488",2,"I",0
960746,122440,15,"1026.82828427085",2,"I",0
960747,51759,10,"87.4",2,"I",0
960748,51759,15,"1049.4",2,"I",0
960749,100126,10,"87.4",2,"I",0
960750,100126,15,"1049.4",2,"I",0
960751,51763,10,"87.883988029314",2,"I",0
960752,51763,11,"17.7226005608313",2,"I",0
960753,51763,15,"312.923307491104",2,"I",0
960754,51763,312,"260.735904988571",2,"I",0
960755,51763,305,"387.534198930179",2,"I",0
960756,51765,10,"88.5296298963134",2,"I",0
960757,51765,62,"6.28013392857143",2,"I",0
960758,51765,41,"21.8184007776498",2,"I",0
960759,51765,15,"1008.77183539747",2,"I",0
960760,51768,10,"87.4",2,"I",0
960761,51768,15,"1049.4",2,"I",0
960762,122446,10,"88.1958221746117",2,"I",0
960763,122446,25,"15.4393144081414",2,"I",0
960764,122446,15,"1026.76486341725",2,"I",0
960765,122448,10,"89.0775370995247",2,"I",0
960766,122448,25,"32.3492108414063",2,"I",0
960767,122448,15,"1002.17325205907",2,"I",0
960768,122453,10,"107.870312803575",2,"I",0
960769,122453,15,"551.446862249854",2,"I",0
960770,122453,25,"357.082824946571",2,"I",0
960792,51788,10,"87.1056444093811",2,"I",0
960793,51788,92,"25.6872767697052",2,"I",0
960794,51788,294,"44.4416553109087",2,"I",0
960795,51788,15,"57.1815965000359",2,"I",0
960796,51788,312,"113.276841425805",2,"I",0
960797,51788,6899,"636.206985584164",2,"I",0
960817,51792,10,"88.0069270807997",2,"I",0
960818,51792,294,"6.73522401128569",2,"I",0
960819,51792,15,"218.720163447974",2,"I",0
960820,51792,312,"265.018592207034",2,"I",0
960821,51792,6899,"447.119093252907",2,"I",0
960925,51815,10,"87.9",2,"I",0
960926,51815,312,"16.5",2,"I",0
960927,51815,23,"23.5",2,"I",0
960928,51815,305,"86",2,"I",0
960929,51815,62,"317.9",2,"I",0
960930,51815,15,"538.1",2,"I",0
960981,122479,10,"88.8018873021305",2,"I",0
960982,122479,25,"15.3183255596175",2,"I",0
960983,122479,15,"1016.57978713825",2,"I",0
967994,51849,10,"90.7029076642952",2,"I",0
967995,51849,62,"38.4141309856775",2,"I",0
967996,51849,13,"26.0512004204757",2,"I",0
967997,51849,15,"948.031760929552",2,"I",0
1135535,122445,10,"85.1979969142791",2,"I",0
1135536,122445,11,"6.08906464743269",2,"I",0
1135537,122445,25,"9.15560563854942",2,"I",0
1135538,122445,2275,"16.2375057264872",2,"I",0
1135539,122445,6899,"35.5073167392461",2,"I",0
1135540,122445,340,"48.8103334790187",2,"I",0
1135541,122445,880,"82.1656916280074",2,"I",0
1135542,122445,23,"264.495274002538",2,"I",0
1135543,122445,338,"236.715444928307",2,"I",0
1135544,122445,117,"85.2469050640578",2,"I",0
1135545,122445,1167,"59.1788612320769",2,"I",0
1135546,51770,10,"87.1858365775265",2,"I",0
1135547,51770,115,"40.7997793595061",2,"I",0
1135548,51770,293,"97.0516022955098",2,"I",0
1135549,51770,342,"275.982077202957",2,"I",0
1135550,51770,337,"423.669298087429",2,"I",0
1135551,51770,117,"15.7114064770714",2,"I",0
1135552,122447,10,"32.763441973853",2,"I",0
1135553,122447,25,"2.33650146190677",2,"I",0
1135554,122447,293,"17.5911600449327",2,"I",0
1135555,122447,459,"887.308896519308",2,"I",0
1135556,51773,10,"87.0645423167196",2,"I",0
1135557,51773,451,"17.3083114731465",2,"I",0
1135558,51773,340,"797.527146210134",2,"I",0
1135630,122449,10,"70.2680641547773",2,"I",0
1135631,122449,25,"5.58932258876856",2,"I",0
1135632,122449,115,"72.3560294896621",2,"I",0
1135633,122449,1163,"97.4919198673139",2,"I",0
1135634,122449,1174,"336.949421234988",2,"I",0
1135635,122449,780,"233.852117507099",2,"I",0
1135636,122449,117,"108.293125157391",2,"I",0
1135637,122450,10,"78.9398355498495",2,"I",0
1135638,122450,455,"1.35480266961984",2,"I",0
1135639,122450,11,"1.35480266961984",2,"I",0
1135640,122450,24,"88.3782941482011",2,"I",0
1135641,122450,25,"44.1665670296069",2,"I",0
1135642,122450,115,"116.422709409332",2,"I",0
1135643,122450,780,"124.822485960975",2,"I",0
1135644,122450,116,"388.467085468997",2,"I",0
1135645,122450,1167,"77.6934170937993",2,"I",0
1135646,122451,10,"87.7603641231593",2,"I",0
1135647,122451,1162,"46.9929638554218",2,"I",0
1135648,122451,1163,"51.210281124498",2,"I",0
1135649,122451,338,"47.5552728246318",2,"I",0
1135650,122451,387,"54.4937638554217",2,"I",0
1135651,122451,115,"82.4385113788487",2,"I",0
1135652,122451,25,"100.793882730924",2,"I",0
1135653,122451,1167,"352.186156894244",2,"I",0
1135654,122451,117,"114.168803212851",2,"I",0
1135655,122452,10,"122.940501012299",2,"I",0
1135656,122452,115,"48.1071525700299",2,"I",0
1135657,122452,465,"64.0022059045719",2,"I",0
1135658,122452,455,"256.149487807089",2,"I",0
1135659,122452,25,"439.80065270601",2,"I",0
1135660,11109,6895,"37.74",2,"I",0
1135661,11109,6920,"50.21",2,"I",0
1135662,11109,6917,"267.95",2,"I",0
1135663,11109,223275,"575.09",2,"I",0
1135664,96884,6906,"15.9726199920666",0,"I",0
1135665,96884,6898,"26.2950614835383",0,"I",0
1135666,96884,6896,"42.9196251487505",0,"I",0
1135667,96884,223475,"67.80214200714",0,"I",0
1135668,96884,6894,"942.710551368504",0,"I",0
1135669,96883,10,"86.6805705327449",2,"I",0
1135670,96883,387,"13.1361276992923",2,"I",0
1135671,96883,24,"45.6537529564217",2,"I",0
1135672,96883,62,"39.2197312261561",2,"I",0
1135673,96883,6931,"49.5657970331572",2,"I",0
1135674,96883,15,"861.444020552228",2,"I",0
1135718,51779,10,"87.0918490072374",2,"I",0
1135719,51779,338,"2.23465912687528",2,"I",0
1135720,51779,337,"15.5827569472285",2,"I",0
1135721,51779,1165,"19.3337919101977",2,"I",0
1135722,51779,341,"45.6409174350643",2,"I",0
1135723,51779,789,"36.9117802207077",2,"I",0
1135724,51779,115,"41.301289219927",2,"I",0
1135725,51779,336,"98.6741670710864",2,"I",0
1135726,51779,465,"201.119321418775",2,"I",0
1135727,51779,340,"397.150802861182",2,"I",0
1135728,51779,1167,"0.558664781718819",2,"I",0
1135729,122454,10,"111.879523430866",2,"I",0
1135730,122454,25,"423.710131137378",2,"I",0
1135731,122454,115,"-648.006199711579",2,"I",0
1135732,122454,463,"60.8624607463914",2,"I",0
1135733,122454,1386,"125.036555386336",2,"I",0
1135734,122454,2275,"127.223000929957",2,"I",0
1135735,122454,340,"727.664420394356",2,"I",0
1135736,122454,117,"20.3301076862946",2,"I",0
1136480,122456,10,"100.448732746627",2,"I",0
1136481,122456,24,"14.193842670719",2,"I",0
1136482,122456,25,"8.20599487197845",2,"I",0
1136483,122456,465,"104.701139052834",2,"I",0
1136484,122456,413,"365.201250773092",2,"I",0
1136485,122456,369,"329.119008615422",2,"I",0
1136486,122456,1165,"9.13003126932729",2,"I",0
1136638,51785,10,"97.5981992121553",2,"I",0
1136639,51785,41,"16.4152577622275",2,"I",0
1136640,51785,116,"208.261603582002",2,"I",0
1136641,51785,28,"548.872618727215",2,"I",0
1136642,51785,1167,"41.6523207164004",2,"I",0
1136668,51786,10,"83.182905879871",2,"I",0
1136669,51786,115,"27.1248606130014",2,"I",0
1136670,51786,789,"30.0752840480998",2,"I",0
1136671,51786,1385,"140.763750339049",2,"I",0
1136672,51786,337,"360.456086314457",2,"I",0
1136673,51786,342,"305.797112805521",2,"I",0
1136753,51787,10,"174.8",2,"I",0
1136754,51787,2275,"2.7",2,"I",0
1136755,51787,340,"721.3",2,"I",0
1136873,122458,10,"82.1103920398815",2,"I",0
1136874,122458,387,"31.5146613005976",2,"I",0
1136875,122458,337,"52.524435500996",2,"I",0
1136876,122458,1174,"132.799749223909",2,"I",0
1136877,122458,413,"102.614583438666",2,"I",0
1136878,122458,24,"244.24330640187",2,"I",0
1136879,122458,465,"136.69460932523",2,"I",0
1136880,122458,25,"140.832898182884",2,"I",0
1136881,122458,1165,"2.56536458596666",2,"I",0
1137349,51791,10,"87.3618729463308",2,"I",0
1137350,51791,451,"47.9847207009858",2,"I",0
1137351,51791,340,"767.953406352683",2,"I",0
1137372,122460,10,"93.8591167984949",2,"I",0
1137373,122460,1174,"35.486460597787",2,"I",0
1137374,122460,24,"108.302277693971",2,"I",0
1137375,122460,28,"51.1725047750698",2,"I",0
1137376,122460,451,"106.475453559936",2,"I",0
1137377,122460,25,"62.5513155102298",2,"I",0
1137378,122460,386,"131.574195694694",2,"I",0
1137379,122460,11,"323.203225824954",2,"I",0
1137380,122460,117,"21.3754495448627",2,"I",0
1137439,51794,10,"88.9174496947773",2,"I",0
1137440,51794,11,"46.6892652046123",2,"I",0
1137441,51794,23,"104.632620393398",2,"I",0
1137442,51794,312,"155.73227221343",2,"I",0
1137443,51794,305,"336.406041148542",2,"I",0
1137444,51794,15,"388.722351345241",2,"I",0
1137445,11110,6911,"66.61",2,"I",0
1137446,11110,6913,"111.96",2,"I",0
1137447,11110,6914,"166.64",2,"I",0
1137448,11110,6925,"359.96",2,"I",0
1137449,11110,6894,"415.94",2,"I",0
1138108,122464,10,"92.9124185936925",2,"I",0
1138109,122464,115,"9.87526277624389",2,"I",0
1138110,122464,116,"17.5206275062392",2,"I",0
1138111,122464,336,"16.24640005124",2,"I",0
1138112,122464,24,"206.594744703871",2,"I",0
1138113,122464,1163,"133.687697153667",2,"I",0
1138114,122464,413,"118.842947302927",2,"I",0
1138115,122464,369,"177.98833833914",2,"I",0
1138116,122464,25,"148.256364389158",2,"I",0
1138117,122464,1165,"2.97107368257316",2,"I",0
1138118,122464,1167,"3.50412550124782",2,"I",0
1138119,122465,10,"92.5358239069924",2,"I",0
1138120,122465,338,"6.5840768663584",2,"I",0
1138121,122465,62,"13.4002846478769",2,"I",0
1138122,122465,386,"18.4649591604603",2,"I",0
1138123,122465,1163,"76.2866598457873",2,"I",0
1138124,122465,24,"217.116265511308",2,"I",0
1138125,122465,413,"105.514052345487",2,"I",0
1138126,122465,25,"125.224077323624",2,"I",0
1138127,122465,369,"263.589929866879",2,"I",0
1138128,122465,1165,"2.63785130863718",2,"I",0
1138129,122465,1167,"1.6460192165896",2,"I",0
1138140,122467,10,"89.4335320123068",2,"I",0
1138141,122467,880,"5.32098817464526",2,"I",0
1138142,122467,336,"12.3405994973503",2,"I",0
1138143,122467,338,"12.6885102626156",2,"I",0
1138144,122467,340,"41.1353316578345",2,"I",0
1138145,122467,413,"59.0220380602959",2,"I",0
1138146,122467,1174,"222.314979004506",2,"I",0
1138147,122467,387,"133.904713948861",2,"I",0
1138148,122467,1163,"205.676658289172",2,"I",0
1138149,122467,25,"136.114970575252",2,"I",0
1138150,122467,1165,"1.4755509515074",2,"I",0
1138151,122467,1167,"3.1721275656539",2,"I",0
1138461,51802,10,"81.3960144018274",2,"I",0
1138462,51802,369,"2.45398739071871",2,"I",0
1138463,51802,459,"99.4633219463978",2,"I",0
1138464,51802,28,"44.0320773560457",2,"I",0
1138465,51802,338,"220.011378058212",2,"I",0
1138466,51802,465,"384.069980999012",2,"I",0
1138467,51802,117,"22.7703953332343",2,"I",0
1138468,51802,1167,"55.0028445145529",2,"I",0
1138657,122468,10,"90.6491165578267",2,"I",0
1138658,122468,24,"14.1885573742685",2,"I",0
1138659,122468,25,"7.65435332032908",2,"I",0
1138660,122468,92,"16.2421643626495",2,"I",0
1138661,122468,455,"43.7947247900942",2,"I",0
1138662,122468,337,"177.408825940689",2,"I",0
1138663,122468,293,"505.187319141718",2,"I",0
1138664,122468,117,"62.0749385124248",2,"I",0
1138942,201811,1088358,"455.195720808872",2,"I",0
1138943,201811,1088353,"86.443418134377",2,"I",0
1138944,201811,1088377,"220.485427266797",2,"I",0
1138945,201811,1088360,"286.275433789954",2,"I",0
1139246,122469,10,"77.2971735896557",2,"I",0
1139247,122469,6931,"9.18732120379907",2,"I",0
1139248,122469,25,"14.7350497768624",2,"I",0
1139249,122469,115,"76.0604188122211",2,"I",0
1139250,122469,1167,"91.8732120379907",2,"I",0
1139251,122469,24,"324.277102643323",2,"I",0
1139252,122469,28,"247.633642293169",2,"I",0
1139253,122469,117,"85.3360796429798",2,"I",0
1139344,51805,10,"97.9866525998493",2,"I",0
1139345,51805,1163,"3.12485908063301",2,"I",0
1139346,51805,455,"9.62568198944989",2,"I",0
1139347,51805,880,"27.007710625471",2,"I",0
1139348,51805,338,"114.369842351168",2,"I",0
1139349,51805,27,"110.932497362472",2,"I",0
1139350,51805,28,"402.214004521477",2,"I",0
1139351,51805,117,"131.746290881688",2,"I",0
1139352,51805,1167,"28.592460587792",2,"I",0
1139371,51806,10,"98.3773083886542",2,"I",0
1139372,51806,23,"4.02452625226313",2,"I",0
1139373,51806,24,"9.7706554013277",2,"I",0
1139374,51806,880,"5.7014121907061",2,"I",0
1139375,51806,338,"145.330114665057",2,"I",0
1139376,51806,27,"150.796762824381",2,"I",0
1139377,51806,28,"356.304724200362",2,"I",0
1139378,51806,117,"119.561967410984",2,"I",0
1139379,51806,1167,"36.3325286662643",2,"I",0
1139391,51807,10,"101.465973163163",2,"I",0
1139392,51807,23,"2.0754403601556",2,"I",0
1139393,51807,11,"2.50782376852135",2,"I",0
1139394,51807,6899,"10.6078062852397",2,"I",0
1139395,51807,338,"133.381633812667",2,"I",0
1139396,51807,27,"131.882704663665",2,"I",0
1139397,51807,28,"434.182123344552",2,"I",0
1139398,51807,117,"73.8510861488701",2,"I",0
1139399,51807,1167,"33.3454084531667",2,"I",0
1139510,51808,10,"95.674370050396",2,"I",0
1139511,51808,387,"5.0245464362851",2,"I",0
1139512,51808,24,"46.5892584593233",2,"I",0
1139513,51808,338,"58.0614254859611",2,"I",0
1139514,51808,1163,"78.0501439884809",2,"I",0
1139515,51808,28,"200.981857451404",2,"I",0
1139516,51808,369,"383.354283657307",2,"I",0
1139517,51808,117,"30.0487580993521",2,"I",0
1139518,51808,1167,"14.5153563714903",2,"I",0
1139519,51809,10,"94.4222407482957",2,"I",0
1139520,51809,24,"41.6689453737044",2,"I",0
1139521,51809,115,"31.7621725171613",2,"I",0
1139522,51809,1163,"70.654628660624",2,"I",0
1139523,51809,338,"90.8354920150652",2,"I",0
1139524,51809,28,"174.065348162076",2,"I",0
1139525,51809,369,"350.696518083616",2,"I",0
1139526,51809,117,"36.7857814356919",2,"I",0
1139527,51809,1167,"22.7088730037663",2,"I",0
1139933,122473,10,"84.2795776759769",2,"I",0
1139934,122473,15,"5.36934738322492",2,"I",0
1139935,122473,386,"8.24578348138113",2,"I",0
1139936,122473,25,"39.9824617643713",2,"I",0
1139937,122473,24,"129.708091786191",2,"I",0
1139938,122473,115,"203.65167574946",2,"I",0
1139939,122473,338,"173.429920478165",2,"I",0
1139940,122473,780,"228.964313413234",2,"I",0
1139941,122473,117,"10.2113481484545",2,"I",0
1139942,122473,1167,"43.3574801195413",2,"I",0
1139958,51814,10,"89.3586746800914",2,"I",0
1139959,51814,4196,"1.81952052516023",2,"I",0
1139960,51814,2275,"7.0759131534009",2,"I",0
1139961,51814,27,"9.48172362555721",2,"I",0
1139962,51814,41,"8.73369852076911",2,"I",0
1139963,51814,6899,"18.0941207779823",2,"I",0
1139964,51814,312,"29.8199197179038",2,"I",0
1139965,51814,340,"747.216428999135",2,"I",0
1140133,51817,10,"91.9976262753064",2,"I",0
1140134,51817,465,"9.54593385524844",2,"I",0
1140135,51817,455,"7.5528267865702",2,"I",0
1140136,51817,24,"68.164261748796",2,"I",0
1140137,51817,27,"61.38769771529",2,"I",0
1140138,51817,115,"158.189761029831",2,"I",0
1140139,51817,116,"164.169082235866",2,"I",0
1140140,51817,28,"325.358993905918",2,"I",0
1140141,51817,1167,"32.8338164471732",2,"I",0
1140153,51818,10,"88.5106504020568",2,"I",0
1140154,51818,465,"8.2569662491111",2,"I",0
1140155,51818,455,"9.36460806301625",2,"I",0
1140156,51818,24,"63.709543241617",2,"I",0
1140157,51818,27,"52.9352092336305",2,"I",0
1140158,51818,115,"131.305902302937",2,"I",0
1140159,51818,116,"186.38590886713",2,"I",0
1140160,51818,28,"278.159067884689",2,"I",0
1140161,51818,117,"64.4949619823861",2,"I",0
1140162,51818,1167,"37.277181773426",2,"I",0
1140391,122475,10,"85.9358790243066",2,"I",0
1140392,122475,92,"10.0110869378831",2,"I",0
1140393,122475,1165,"18.9098308826682",2,"I",0
1140394,122475,387,"29.0587302267759",2,"I",0
1140395,122475,24,"100.622744030523",2,"I",0
1140396,122475,25,"38.4496613366485",2,"I",0
1140397,122475,340,"66.0515175547649",2,"I",0
1140398,122475,780,"123.046791271917",2,"I",0
1140399,122475,338,"145.687400865949",2,"I",0
1140400,122475,465,"264.304507652077",2,"I",0
1140401,122475,1167,"36.4218502164874",2,"I",0
1140426,11111,6898,"15.42",2,"I",0
1140427,11111,6896,"80.59",2,"I",0
1140428,11111,6894,"1013.48",2,"I",0
1140429,51820,10,"86.9978971379691",2,"I",0
1140430,51820,24,"26.6727643725274",2,"I",0
1140431,51820,62,"73.3550450867876",2,"I",0
1140432,51820,15,"922.474293402716",2,"I",0
1140433,201807,1088377,"1166.19175027871",2,"I",0
1140434,201807,1088348,"26.863495602626",2,"I",0
1140435,201807,1088368,"82.6447541186672",2,"I",0
1140503,51821,10,"81.4394454890624",2,"I",0
1140504,51821,413,"18.7105728308967",2,"I",0
1140505,51821,338,"37.4211456617934",2,"I",0
1140506,51821,24,"142.164945060255",2,"I",0
1140507,51821,1163,"74.7304751512906",2,"I",0
1140508,51821,386,"561.410365070481",2,"I",0
1140509,51821,1165,"0.467764320772418",2,"I",0
1140510,51821,1167,"9.35528641544836",2,"I",0
1140729,122478,10,"75.6171278046594",2,"I",0
1140730,122478,369,"59.8721916042372",2,"I",0
1140731,122478,3386,"129.999308760065",2,"I",0
1140732,122478,25,"153.461335400826",2,"I",0
1140733,122478,24,"505.150036430213",2,"I",0
1140764,51825,10,"84.0484070750262",2,"I",0
1140765,51825,14,"16.2933430780256",2,"I",0
1140766,51825,41,"44.4624679065838",2,"I",0
1140767,51825,6899,"129.56267529768",2,"I",0
1140768,51825,312,"309.80300218781",2,"I",0
1140769,51825,451,"423.230104454875",2,"I",0
1140778,51827,10,"74.5296091225326",2,"I",0
1140779,51827,41,"24.9563839203013",2,"I",0
1140780,51827,92,"53.4779655435029",2,"I",0
1140781,51827,312,"169.007348249388",2,"I",0
1140782,51827,294,"274.520223123315",2,"I",0
1140783,51827,451,"434.508470040961",2,"I",0
1140793,51828,10,"69.9183631591098",2,"I",0
1140794,51828,836,"15.1582376428944",2,"I",0
1140795,51828,780,"19.6025376847901",2,"I",0
1140796,51828,387,"60.4980343203058",2,"I",0
1140797,51828,1174,"446.128361705584",2,"I",0
1140798,51828,1167,"316.894465487316",2,"I",0
1140799,122480,10,"80.570194278781",2,"I",0
1140800,122480,411,"8.87466450094671",2,"I",0
1140801,122480,338,"15.9486724364839",2,"I",0
1140802,122480,24,"51.4932655567351",2,"I",0
1140803,122480,340,"44.6489332035206",2,"I",0
1140804,122480,25,"29.7108333292563",2,"I",0
1140805,122480,92,"47.0467462829689",2,"I",0
1140806,122480,1163,"59.3481704721694",2,"I",0
1140807,122480,386,"182.821763528819",2,"I",0
1140808,122480,451,"414.449588301198",2,"I",0
1140809,122480,1167,"3.98716810912099",2,"I",0
1140810,122481,10,"90.3533118077043",2,"I",0
1140811,122481,465,"2.06758150589712",2,"I",0
1140812,122481,24,"6.87470850710794",2,"I",0
1140813,122481,25,"4.03178393649939",2,"I",0
1140814,122481,1163,"18.6082335530741",2,"I",0
1140815,122481,369,"24.4284754921745",2,"I",0
1140816,122481,28,"109.664523072783",2,"I",0
1140817,122481,338,"532.857105699807",2,"I",0
1140818,122481,1167,"133.214276424952",2,"I",0
1140855,122483,10,"80.0032825461485",2,"I",0
1140856,122483,25,"3.0686190565646",2,"I",0
1140857,122483,24,"32.2752968627956",2,"I",0
1140858,122483,115,"21.5533957544418",2,"I",0
1140859,122483,32,"36.7138351410407",2,"I",0
1140860,122483,116,"310.789007425278",2,"I",0
1140861,122483,780,"363.028593745365",2,"I",0
1140862,122483,117,"14.1101679833103",2,"I",0
1140863,122483,1167,"62.1578014850556",2,"I",0
1141018,122484,10,"87.6653067929798",2,"I",0
1141019,122484,780,"5.00944610245599",2,"I",0
1141020,122484,465,"12.6238041781891",2,"I",0
1141021,122484,24,"67.9581458259178",2,"I",0
1141022,122484,25,"39.1337929523862",2,"I",0
1141023,122484,1174,"139.042186019768",2,"I",0
1141024,122484,338,"91.2921457711575",2,"I",0
1141025,122484,369,"430.316429647072",2,"I",0
1141026,122484,117,"18.9357062672836",2,"I",0
1141027,122484,1167,"22.8230364427894",2,"I",0
1141062,122485,10,"71.5540062380416",2,"I",0
1141063,122485,305,"2.94393625665085",2,"I",0
1141064,122485,1174,"35.4744318926428",2,"I",0
1141065,122485,24,"64.7911304484575",2,"I",0
1141066,122485,1163,"49.5562603202893",2,"I",0
1141067,122485,25,"37.3389248551883",2,"I",0
1141068,122485,338,"50.3085995858779",2,"I",0
1141069,122485,1385,"282.617880638482",2,"I",0
1141070,122485,116,"274.031399889917",2,"I",0
1141071,122485,1167,"67.3834298744527",2,"I",0
1141126,51835,10,"85.0269219107761",2,"I",0
1141127,51835,387,"1.40090123056656",2,"I",0
1141128,51835,15,"10.6040440369275",2,"I",0
1141129,51835,836,"18.1922590358297",2,"I",0
1141130,51835,24,"35.4894978410196",2,"I",0
1141131,51835,338,"204.687235355003",2,"I",0
1141132,51835,780,"498.098215312556",2,"I",0
1141133,51835,117,"25.829116438571",2,"I",0
1141134,51835,1167,"51.1718088387508",2,"I",0
1141258,11112,6895,"95.32",2,"I",0
1141259,11112,6923,"105.6",2,"I",0
1141260,11112,6898,"7.34",2,"I",0
1141261,11112,6928,"725.94",2,"I",0
1141262,51837,10,"38.3839573865117",2,"I",0
1141263,51837,115,"34.0895584632226",2,"I",0
1141264,51837,341,"56.6462208489524",2,"I",0
1141265,51837,41,"26.2445328012966",2,"I",0
1141266,51837,459,"778.835730500017",2,"I",0
1141274,51838,10,"86.0284096424527",2,"I",0
1141275,51838,115,"21.0641643746967",2,"I",0
1141276,51838,24,"59.0977770587284",2,"I",0
1141277,51838,342,"107.368179906164",2,"I",0
1141278,51838,337,"135.558725125384",2,"I",0
1141279,51838,465,"184.36065361592",2,"I",0
1141280,51838,293,"270.989490373726",2,"I",0
1141281,51838,117,"48.1325999029283",2,"I",0
1141308,201809,1088353,"572.48391350211",2,"I",0
1141309,201809,1088362,"40.2047732067511",2,"I",0
1141310,201809,1088377,"73.9981540084388",2,"I",0
1141311,201809,1088360,"326.3131592827",2,"I",0
1141312,11113,223275,"20.64",2,"I",0
1141313,11113,6894,"73.19",2,"I",0
1141314,11113,6906,"283.39",2,"I",0
1141315,11113,6908,"550.77",2,"I",0
1141316,122487,10,"62.6808967750411",2,"I",0
1141317,122487,25,"8.0466780528142",2,"I",0
1141318,122487,15,"47.5485521302657",2,"I",0
1141319,122487,387,"165.688416269311",2,"I",0
1141320,122487,1174,"644.035456772568",2,"I",0
1141343,122488,10,"86.446192329671",2,"I",0
1141344,122488,25,"22.4068530518507",2,"I",0
1141345,122488,28,"38.806930682394",2,"I",0
1141346,122488,1174,"90.8722373769502",2,"I",0
1141347,122488,341,"118.25839110699",2,"I",0
1141348,122488,115,"112.231856556007",2,"I",0
1141349,122488,387,"102.786992571188",2,"I",0
1141350,122488,338,"113.259331299126",2,"I",0
1141351,122488,369,"196.84044982587",2,"I",0
1141352,122488,117,"6.07593237517102",2,"I",0
1141353,122488,1167,"28.3148328247815",2,"I",0
1141378,122489,10,"88.0339426434184",2,"I",0
1141379,122489,465,"3.12248537980088",2,"I",0
1141380,122489,1174,"5.62047368364159",2,"I",0
1141381,122489,24,"30.8118799251965",2,"I",0
1141382,122489,25,"35.7776389324282",2,"I",0
1141383,122489,115,"84.2063799197915",2,"I",0
1141384,122489,338,"148.509433676723",2,"I",0
1141385,122489,3386,"498.590407419818",2,"I",0
1141386,122489,1167,"37.1273584191807",2,"I",0
1141395,122490,10,"75.2782156324833",2,"I",0
1141396,122490,25,"4.35094273839124",2,"I",0
1141397,122490,28,"13.7434540466644",2,"I",0
1141398,122490,451,"45.3223201915754",2,"I",0
1141399,122490,6899,"36.2578561532603",2,"I",0
1141400,122490,789,"63.0196071235239",2,"I",0
1141401,122490,1524,"240.855758732372",2,"I",0
1141402,122490,1167,"117.406391353414",2,"I",0
1141403,122490,455,"103.982351753814",2,"I",0
1141404,122490,340,"240.683102274499",2,"I",0
1201167,201784,1088356,"679.502080334947",2,"I",0
1201168,201784,1088367,"6.77875179903179",2,"I",0
1201169,201784,1088377,"90.0218238911422",2,"I",0
1201170,201784,1088366,"259.897343974879",2,"I",0
1201171,201780,1088377,"1001.86547085202",2,"I",0
1201172,201780,1088363,"8.03966118584953",2,"I",0
1201173,201780,1088358,"13.914798206278",2,"I",0
1201174,201780,1088353,"93.3837568510214",2,"I",0
1201175,201780,1088371,"123.996312904833",2,"I",0
1201176,11114,6903,"23.4",2,"I",0
1201177,11114,6896,"40.62",2,"I",0
1201178,11114,6898,"15.88",2,"I",0
1201179,11114,6894,"983.4",2,"I",0
1201180,51843,10,"95.7269078366559",2,"I",0
1201181,51843,13,"7.59702712135833",2,"I",0
1201182,51843,62,"32.9641119346295",2,"I",0
1201183,51843,41,"128.887494610631",2,"I",0
1201184,51843,15,"798.124458496725",2,"I",0
1201215,201789,1088370,"739.111908476339",2,"I",0
1201216,201789,1088375,"25.3346853874155",2,"I",0
1201217,201789,1088377,"59.7568122724909",2,"I",0
1201218,201789,1088373,"234.896593863755",2,"I",0
1201219,51844,10,"69.6669896159388",2,"I",0
1201220,51844,293,"30.6693993143539",2,"I",0
1201221,51844,15,"45.1442092711283",2,"I",0
1201222,51844,459,"299.050529139961",2,"I",0
1201223,51844,463,"516.968872658618",2,"I",0
1201224,11115,6924,"47.08",2,"I",0
1201225,11115,6894,"62.38",2,"I",0
1201226,11115,6928,"137.73",2,"I",0
1201227,11115,6916,"714.3",2,"I",0
1201338,201791,1088376,"677.32466249507",2,"I",0
1201339,201791,1088362,"27.941993216774",2,"I",0
1201340,201791,1088370,"316.631144288156",2,"I",0
1201396,11116,6907,"12.66",2,"I",0
1201397,11116,6911,"76.85",2,"I",0
1201398,11116,6894,"149.58",2,"I",0
1201399,11116,6896,"152.39",2,"I",0
1201400,11116,6925,"752.01",2,"I",0
1201407,201797,1088365,"710.958524286253",2,"I",0
1201408,201797,1088362,"31.9058440196202",2,"I",0
1201409,201797,1088363,"74.7981343290152",2,"I",0
1201410,201797,1088377,"162.990703175701",2,"I",0
1201411,201797,1088366,"215.96644418941",2,"I",0
1201435,201802,1088362,"998.5",2,"I",0
1201542,122492,10,"82.1777016352408",2,"I",0
1201543,122492,24,"84.3890970270214",2,"I",0
1201544,122492,465,"78.5232770471286",2,"I",0
1201545,122492,25,"48.6881798970024",2,"I",0
1201546,122492,387,"191.77295800078",2,"I",0
1201547,122492,116,"356.540655327356",2,"I",0
1201548,122492,1167,"71.3081310654712",2,"I",0
1201549,201813,1088366,"493.315415039781",2,"I",0
1201550,201813,1088362,"116.186783813747",2,"I",0
1201551,201813,1088368,"216.654179229164",2,"I",0
1201552,201813,1088371,"221.848411917308",2,"I",0
1201560,201801,1088377,"926.365684184121",2,"I",0
1201561,201801,1088368,"16.563953342531",2,"I",0
1201562,201801,1088364,"130.688072243823",2,"I",0
1201563,201801,1088353,"137.982290229525",2,"I",0
1201747,201787,1088366,"696.93795568693",2,"I",0
1201748,201787,1088364,"10.1990920344429",2,"I",0
1201749,201787,1088361,"10.1990920344429",2,"I",0
1201750,201787,1088367,"15.4402921076982",2,"I",0
1201751,201787,1088377,"369.433778136486",2,"I",0
1221493,51848,10,"74.2003900049884",2,"I",0
1221494,51848,14,"3.76084168518435",2,"I",0
1221495,51848,41,"7.92826084984808",2,"I",0
1221496,51848,32,"25.5804997505782",2,"I",0
1221497,51848,1385,"451.936279533808",2,"I",0
1221498,51848,340,"370.493728175593",2,"I",0
1366651,122416,10,"98.0490262167695",2,"I",0
1366652,122416,24,"8.73915233671204",2,"I",0
1366653,122416,25,"5.04829082351788",2,"I",0
1366654,122416,386,"14.9205039895083",2,"I",0
1366655,122416,116,"110.052739952689",2,"I",0
1366656,122416,115,"184.543075659709",2,"I",0
1366657,122416,28,"450.172920369167",2,"I",0
1366658,122416,1167,"22.010547990538",2,"I",0
1366659,122416,6931,"21.7637426613881",2,"I",0
1366958,51727,10,"91.6449129510228",2,"I",0
1366959,51727,115,"23.1721761675707",2,"I",0
1366960,51727,386,"29.1217889673524",2,"I",0
1366961,51727,24,"98.961892903035",2,"I",0
1366962,51727,28,"109.806888866146",2,"I",0
1366963,51727,116,"294.766781519007",2,"I",0
1366964,51727,117,"69.6730972606011",2,"I",0
1366965,51727,1167,"58.9533563038014",2,"I",0
1366966,51727,6931,"141.799105061463",2,"I",0
1367184,122421,10,"91.460398834662",2,"I",0
1367185,122421,24,"72.0432936606517",2,"I",0
1367186,122421,115,"41.7717766887238",2,"I",0
1367187,122421,25,"41.6259400618804",2,"I",0
1367188,122421,116,"121.148569299217",2,"I",0
1367189,122421,386,"453.239402425529",2,"I",0
1367190,122421,117,"5.93763409291086",2,"I",0
1367191,122421,1167,"24.2297138598433",2,"I",0
1367192,122421,6931,"71.0432710765826",2,"I",0
1367282,122426,10,"74.3559744940393",2,"I",0
1367283,122426,15,"14.4298124018113",2,"I",0
1367284,122426,25,"33.8676185195453",2,"I",0
1367285,122426,465,"76.8175307272895",2,"I",0
1367286,122426,28,"75.7819794843356",2,"I",0
1367287,122426,116,"163.226642639312",2,"I",0
1367288,122426,24,"403.831032252102",2,"I",0
1367289,122426,1167,"32.6453285278624",2,"I",0
1367290,122426,6931,"43.5440809537011",2,"I",0
1367291,122427,10,"85.8589037753663",2,"I",0
1367292,122427,15,"28.2932989636042",2,"I",0
1367293,122427,1174,"79.6520001272954",2,"I",0
1367294,122427,24,"195.125862160414",2,"I",0
1367295,122427,387,"112.605371861376",2,"I",0
1367296,122427,116,"127.564597057358",2,"I",0
1367297,122427,28,"145.754544972366",2,"I",0
1367298,122427,25,"112.546631448302",2,"I",0
1367299,122427,1167,"25.5129194114714",2,"I",0
1367300,122427,6931,"9.98587022244853",2,"I",0
1367378,122428,10,"91.3467369148001",2,"I",0
1367379,122428,25,"22.4327700858795",2,"I",0
1367380,122428,116,"55.3051672477361",2,"I",0
1367381,122428,115,"71.8760038762712",2,"I",0
1367382,122428,28,"86.1683504683831",2,"I",0
1367383,122428,24,"309.926428818071",2,"I",0
1367384,122428,27,"222.494552056763",2,"I",0
1367385,122428,1167,"11.0610334495473",2,"I",0
1367386,122428,6931,"59.1889570825489",2,"I",0
1368874,122436,10,"76.7157721979171",2,"I",0
1368875,122436,24,"15.3081244066163",2,"I",0
1368876,122436,25,"8.7750232582549",2,"I",0
1368877,122436,115,"51.4941484616155",2,"I",0
1368878,122436,11,"39.7371936470375",2,"I",0
1368879,122436,1174,"306.442728396063",2,"I",0
1368880,122436,116,"198.094836428868",2,"I",0
1368881,122436,28,"175.570525231032",2,"I",0
1368882,122436,1167,"39.6189672857737",2,"I",0
1368883,122436,6931,"6.04268068682222",2,"I",0
1368930,122442,10,"99.3671130686519",2,"I",0
1368931,122442,25,"9.16712546533124",2,"I",0
1368932,122442,1165,"58.2859418012374",2,"I",0
1368933,122442,413,"57.3115103165893",2,"I",0
1368934,122442,116,"91.5580802648512",2,"I",0
1368935,122442,340,"200.771365129599",2,"I",0
1368936,122442,387,"203.917613128812",2,"I",0
1368937,122442,117,"77.4112817072414",2,"I",0
1368938,122442,1167,"18.3116160529702",2,"I",0
1368939,122442,6931,"115.098353064714",2,"I",0
1369225,122455,10,"93.6853995193925",2,"I",0
1369226,122455,28,"27.1762436006083",2,"I",0
1369227,122455,14,"40.187511173541",2,"I",0
1369228,122455,24,"189.977325547649",2,"I",0
1369229,122455,1163,"103.192811785329",2,"I",0
1369230,122455,25,"108.06402526091",2,"I",0
1369231,122455,386,"235.976108937672",2,"I",0
1369232,122455,117,"56.0830498833308",2,"I",0
1369233,122455,6931,"65.8575242915684",2,"I",0
1369461,122457,10,"95.2359223870098",2,"I",0
1369462,122457,24,"54.7389120112551",2,"I",0
1369463,122457,455,"26.0920335306876",2,"I",0
1369464,122457,25,"31.5713605721321",2,"I",0
1369465,122457,115,"62.6208804736503",2,"I",0
1369466,122457,1163,"147.093839029252",2,"I",0
1369467,122457,116,"172.09870449616",2,"I",0
1369468,122457,11,"287.990820094964",2,"I",0
1369469,122457,1167,"34.419740899232",2,"I",0
1369470,122457,6931,"15.4377865056569",2,"I",0
1369761,122459,10,"88.2810963980164",2,"I",0
1369762,122459,387,"1.72723884256989",2,"I",0
1369763,122459,24,"4.22213939294861",2,"I",0
1369764,122459,25,"2.42419486676475",2,"I",0
1369765,122459,115,"98.5839245817666",2,"I",0
1369766,122459,28,"122.179421284944",2,"I",0
1369767,122459,780,"540.696463407988",2,"I",0
1369768,122459,117,"67.2714075527219",2,"I",0
1369769,122459,6931,"1.41411367227944",2,"I",0
1369952,122461,10,"99.0899035752108",2,"I",0
1369953,122461,1385,"24.857604676943",2,"I",0
1369954,122461,28,"19.1596514587579",2,"I",0
1369955,122461,115,"29.0572913118602",2,"I",0
1369956,122461,116,"50.6232497073814",2,"I",0
1369957,122461,24,"109.123749481338",2,"I",0
1369958,122461,25,"62.9271964972473",2,"I",0
1369959,122461,369,"386.978422398791",2,"I",0
1369960,122461,117,"34.2217708223666",2,"I",0
1369961,122461,1167,"10.1246499414763",2,"I",0
1369962,122461,6931,"90.2365101286285",2,"I",0
1370214,122462,10,"94.9198017426516",2,"I",0
1370215,122462,336,"4.78395800782964",2,"I",0
1370216,122462,338,"5.98808349279357",2,"I",0
1370217,122462,24,"245.684990842009",2,"I",0
1370218,122462,413,"147.098572757755",2,"I",0
1370219,122462,25,"141.69628004143",2,"I",0
1370220,122462,369,"260.671471540005",2,"I",0
1370221,122462,1165,"3.67746431894387",2,"I",0
1370222,122462,1167,"1.49702087319839",2,"I",0
1370223,122462,6931,"20.8823563833834",2,"I",0
1370235,122463,10,"93.8829660778132",2,"I",0
1370236,122463,338,"6.86686837597718",2,"I",0
1370237,122463,24,"253.602032710306",2,"I",0
1370238,122463,413,"140.427458288733",2,"I",0
1370239,122463,25,"146.19991951729",2,"I",0
1370240,122463,369,"267.673748140142",2,"I",0
1370241,122463,1165,"3.51068645721834",2,"I",0
1370242,122463,1167,"1.7167170939943",2,"I",0
1370243,122463,6931,"11.3196033385249",2,"I",0
1370244,122466,10,"100.423861871826",2,"I",0
1370245,122466,338,"7.68619990636301",2,"I",0
1370246,122466,337,"24.7857071385247",2,"I",0
1370247,122466,24,"202.540517770649",2,"I",0
1370248,122466,413,"134.233991221839",2,"I",0
1370249,122466,25,"134.851632285743",2,"I",0
1370250,122466,369,"248.789251879843",2,"I",0
1370251,122466,1165,"3.35584978054599",2,"I",0
1370252,122466,1167,"1.92154997659075",2,"I",0
1370253,122466,6931,"67.3114381680749",2,"I",0
1370732,122470,10,"105.269711233938",2,"I",0
1370733,122470,413,"3.94611031825505",2,"I",0
1370734,122470,25,"14.7979136934564",2,"I",0
1370735,122470,115,"66.5304574998488",2,"I",0
1370736,122470,387,"116.398223564383",2,"I",0
1370737,122470,1163,"135.467079827902",2,"I",0
1370738,122470,338,"145.813588589181",2,"I",0
1370739,122470,28,"171.318935768146",2,"I",0
1370740,122470,1165,"0.0986527579563762",2,"I",0
1370741,122470,1167,"36.453397147295",2,"I",0
1370742,122470,6931,"119.405929599638",2,"I",0
1370743,122471,10,"107.69337836234",2,"I",0
1370744,122471,880,"12.720662811148",2,"I",0
1370745,122471,413,"14.2273820955751",2,"I",0
1370746,122471,25,"17.4137228773967",2,"I",0
1370747,122471,338,"101.172494901867",2,"I",0
1370748,122471,387,"130.93637584834",2,"I",0
1370749,122471,1163,"146.719877860619",2,"I",0
1370750,122471,28,"204.419816359341",2,"I",0
1370751,122471,117,"15.005442053927",2,"I",0
1370752,122471,1165,"0.355684552389378",2,"I",0
1370753,122471,1167,"25.2931237254668",2,"I",0
1370754,122471,6931,"139.742038551591",2,"I",0
1370847,122472,10,"109.06034725481",2,"I",0
1370848,122472,411,"26.2042609103707",2,"I",0
1370849,122472,24,"156.530755513843",2,"I",0
1370850,122472,1163,"111.541811356171",2,"I",0
1370851,122472,340,"130.897231346786",2,"I",0
1370852,122472,25,"90.2260347254805",2,"I",0
1370853,122472,117,"61.2301267010792",2,"I",0
1370854,122472,6931,"239.709432191459",2,"I",0
1371020,122474,10,"94.9407724840002",2,"I",0
1371021,122474,24,"249.49828773532",2,"I",0
1371022,122474,25,"78.8538867472584",2,"I",0
1371023,122474,1163,"189.989801265018",2,"I",0
1371024,122474,413,"161.431790111905",2,"I",0
1371025,122474,117,"30.8530446498748",2,"I",0
1371026,122474,1165,"4.03579475279764",2,"I",0
1371027,122474,6931,"115.996622253827",2,"I",0
1371361,122476,10,"99.8565094040154",2,"I",0
1371362,122476,1174,"18.4666147527974",2,"I",0
1371363,122476,62,"48.5603573129116",2,"I",0
1371364,122476,24,"126.918079418301",2,"I",0
1371365,122476,413,"55.3542476787556",2,"I",0
1371366,122476,25,"73.1825103166418",2,"I",0
1371367,122476,1163,"359.871004781366",2,"I",0
1371368,122476,1165,"1.38385619196889",2,"I",0
1371369,122476,6931,"135.706820143242",2,"I",0
1371409,122477,10,"86.4626331513993",2,"I",0
1371410,122477,24,"48.8143323163328",2,"I",0
1371411,122477,15,"36.9565997698553",2,"I",0
1371412,122477,25,"33.3795171183345",2,"I",0
1371413,122477,338,"163.794812242011",2,"I",0
1371414,122477,780,"447.530589191643",2,"I",0
1371415,122477,117,"66.2550806034437",2,"I",0
1371416,122477,1167,"40.9487030605026",2,"I",0
1371417,122477,6931,"11.8577325464777",2,"I",0
1371449,122482,10,"79.2557735382715",2,"I",0
1371450,122482,15,"9.49983586931336",2,"I",0
1371451,122482,387,"33.8737004711516",2,"I",0
1371452,122482,24,"179.293568973507",2,"I",0
1371453,122482,1385,"225.146110102726",2,"I",0
1371454,122482,25,"103.412499034525",2,"I",0
1371455,122482,338,"204.906935969723",2,"I",0
1371456,122482,117,"39.3564628871553",2,"I",0
1371457,122482,1167,"51.2267339924307",2,"I",0
1371458,122482,6931,"11.1283791611957",2,"I",0
1371547,122486,10,"97.1817723161195",2,"I",0
1371548,122486,3386,"85.2706043461025",2,"I",0
1371549,122486,115,"85.2706043461025",2,"I",0
1371550,122486,24,"230.965339291506",2,"I",0
1371551,122486,25,"313.18579408267",2,"I",0
1371552,122486,117,"81.9866842048362",2,"I",0
1371553,122486,6931,"32.8392014126635",2,"I",0
1390465,122491,10,"112.387197957003",2,"I",0
1390466,122491,465,"5.27216832521408",2,"I",0
1390467,122491,24,"38.1139193071574",2,"I",0
1390468,122491,15,"38.5768414040055",2,"I",0
1390469,122491,338,"36.2107951312266",2,"I",0
1390470,122491,1163,"53.2360411375277",2,"I",0
1390471,122491,25,"64.7319398759213",2,"I",0
1390472,122491,28,"211.503962471028",2,"I",0
1390473,122491,117,"127.882229254278",2,"I",0
1390474,122491,1167,"9.05269878280663",2,"I",0
1390475,122491,6931,"229.532206353832",2,"I",0
1390486,51846,10,"88.8333779801768",2,"I",0
1390487,51846,11,"54.3721537637289",2,"I",0
1390488,51846,15,"141.112331458166",2,"I",0
1390489,51846,62,"143.76712206447",2,"I",0
1390490,51846,305,"709.441735869274",2,"I",0
1390491,51846,6931,"5.97327886418429",2,"I",0
1434800,201768,1088377,"1260.76072170493",2,"I",0
1434801,201768,1088364,"3.35755185540593",2,"I",0
1434802,201768,1088368,"4.64685176788181",2,"I",0
1434803,201768,1088348,"4.83487467178455",2,"I",0
1434804,201800,1088377,"1226.50419426061",2,"I",0
1434805,201800,1088364,"7.83123177968331",2,"I",0
1434806,201800,1088361,"25.9930246304382",2,"I",0
1434807,201800,1088368,"6.59822932926508",2,"I",0
1434808,201792,1088377,"1252.22753886614",2,"I",0
1434809,201792,1088364,"5.55871788842919",2,"I",0
1434810,201792,1088368,"3.85404440264424",2,"I",0
1434811,201792,1088348,"7.8327388427866",2,"I",0
1435590,201803,1088377,"1270.02063734237",2,"I",0
1435591,201803,1088368,"2.78342444047245",2,"I",0
1435592,201803,1088348,"5.96804821716134",2,"I",0
1435593,201778,1088366,"674.599308024194",2,"I",0
1435594,201778,1088377,"79.3396670443549",2,"I",0
1435595,201778,1088368,"85.7038114596774",2,"I",0
1435596,201778,1088367,"206.622555350807",2,"I",0
1435597,201778,1088348,"5.93986812096775",2,"I",0
1435707,201804,1088366,"744.975745063431",2,"I",0
1435708,201804,1088363,"47.4638286328502",2,"I",0
1435709,201804,1088377,"272.990716236144",2,"I",0
1435710,201804,1088348,"11.0773500675735",2,"I",0
1435768,201806,1088373,"779.649652838486",2,"I",0
1435769,201806,1088378,"111.972485999789",2,"I",0
1435770,201806,1088376,"120.144613659186",2,"I",0
1435771,201806,1088348,"11.9356075025385",2,"I",0
1440610,201790,1088377,"1099.94645852406",2,"I",0
1440611,201790,1088368,"45.9688988980293",2,"I",0
1440612,201790,1088357,"75.732934155746",2,"I",0
1440613,201790,1088348,"15.551708422157",2,"I",0
1473708,225483,1088388,"997",2,"I",0
1473709,225484,1088366,"452.406817175741",2,"I",0
1473710,225484,1088362,"29.1014497565294",2,"I",0
1473711,225484,1088363,"51.2134683488269",2,"I",0
1473712,225484,1088377,"304.357957060646",2,"I",0
1473713,225484,1088365,"311.220307658256",2,"I",0
1473714,225485,1088366,"639.049887958486",2,"I",0
1473715,225485,1088361,"17.2576954829579",2,"I",0
1473716,225485,1088368,"144.758580021229",2,"I",0
1473717,225485,1088377,"290.933836537328",2,"I",0
1534839,231914,10,"108.00570028235",2,"I",0
1534840,231914,15,"11.6028980874754",2,"I",0
1534841,231914,26,"46.9917372542752",2,"I",0
1534842,231914,6931,"65.3712215651803",2,"I",0
1534843,231914,338,"285.776911192797",2,"I",0
1534844,231914,25,"308.168035799904",2,"I",0
1534845,231914,117,"29.4392680198178",2,"I",0
1534846,231914,1167,"71.4442277981994",2,"I",0
1534847,231915,10,"107.932167016562",2,"I",0
1534848,231915,386,"25.1062281315605",2,"I",0
1534849,231915,6931,"25.3031397247492",2,"I",0
1534850,231915,455,"66.9191742477257",2,"I",0
1534851,231915,116,"97.5943083741544",2,"I",0
1534852,231915,28,"270.458073244693",2,"I",0
1534853,231915,25,"239.764478656403",2,"I",0
1534854,231915,117,"70.7035689293212",2,"I",0
1534855,231915,1167,"19.5188616748309",2,"I",0
1576598,235599,10,"88.20549108406453439003679592",2,"I",0
1576599,235599,25,"3.9692470987829040475516558166",2,"I",0
1576600,235599,15,"1041.0252618171525615624115483",2,"I",0
1576601,235600,10,"49.709264920746006605522609795",2,"I",0
1576602,235600,32,"11.676292558350829373703144376",2,"I",0
1576603,235600,41,"28.057110759143983203801244981",2,"I",0
1576604,235600,115,"58.494824855427455891561383476",2,"I",0
1576605,235600,293,"126.30801134480091347747615013",2,"I",0
1576606,235600,459,"649.05449556153081144793546724",2,"I",0
